{"distinct_id":"019f40ba-2bc9-77dd-ae47-36a4cbc3a951","event":"depthai_rvc2_device_usage","properties":{"$lib":"depthai-core","$lib_version":"3.7.1","$process_person_profile":false,"$session_id":"019f40ba-055c-7eb1-a91f-fd235649f739","chip_temperature":{"average":50.19521713256836,"css":52.019161224365234,"dss":50.03172302246094,"mss":49.58754348754883,"upa":49.1424446105957},"cmx_memory_usage":{"remaining":486400,"total":2621440,"used":2135040},"ddr_memory_usage":{"remaining":349019135,"total":349150207,"used":131072},"device_id":"019f40ba-2b00-706b-932b-61b512c6b6af","leon_css_cpu_usage":{"average":0.5028799772262573,"ms_time":2000},"leon_css_memory_usage":{"remaining":75728752,"total":83613304,"used":7884552},"leon_mss_cpu_usage":{"average":0.012109994888305664,"ms_time":2000},"leon_mss_memory_usage":{"remaining":36632768,"total":39669624,"used":3036856},"source_component":"depthai-core","source_product":"depthai"},"timestamp":"2026-07-08T07:56:10.569Z","uuid":"46d0b227-d709-43da-9620-26a4a0a15503"}