{"distinct_id":"019f4156-672e-7dfe-9323-f154fc015d34","event":"depthai_rvc2_device_usage","properties":{"$lib":"depthai-core","$lib_version":"3.7.1","$process_person_profile":false,"$session_id":"019f4156-40f2-7d18-bd5f-4b31e0e98bed","chip_temperature":{"average":51.63203811645508,"css":53.11530303955078,"dss":51.5791130065918,"mss":50.474979400634766,"upa":51.358741760253906},"cmx_memory_usage":{"remaining":486400,"total":2621440,"used":2135040},"ddr_memory_usage":{"remaining":349019135,"total":349150207,"used":131072},"device_id":"019f4156-66eb-7a83-bb68-80ceac8a8c7a","leon_css_cpu_usage":{"average":0.5366699695587158,"ms_time":1000},"leon_css_memory_usage":{"remaining":75728752,"total":83613304,"used":7884552},"leon_mss_cpu_usage":{"average":0.019720017910003662,"ms_time":1000},"leon_mss_memory_usage":{"remaining":36632768,"total":39669624,"used":3036856},"source_component":"depthai-core","source_product":"depthai"},"timestamp":"2026-07-08T10:46:49.390Z","uuid":"8cdefa2c-cbc4-4a2a-8092-c511b1c9e370"}