{"distinct_id":"019f40b8-01cb-7b6b-bb43-173807de1b68","event":"depthai_rvc2_device_usage","properties":{"$lib":"depthai-core","$lib_version":"3.7.1","$process_person_profile":false,"$session_id":"019f40b7-e668-70b1-8e82-bad33a20dedb","chip_temperature":{"average":51.02418899536133,"css":53.11530303955078,"dss":50.03172302246094,"mss":50.25346755981445,"upa":50.696266174316406},"cmx_memory_usage":{"remaining":486400,"total":2621440,"used":2135040},"ddr_memory_usage":{"remaining":349019135,"total":349150207,"used":131072},"device_id":"019f40b8-01ae-7a0b-9717-8366b6982994","leon_css_cpu_usage":{"average":0.7117600440979004,"ms_time":1000},"leon_css_memory_usage":{"remaining":75728752,"total":83613304,"used":7884552},"leon_mss_cpu_usage":{"average":0.020669996738433838,"ms_time":1000},"leon_mss_memory_usage":{"remaining":36632768,"total":39669624,"used":3036856},"source_component":"depthai-core","source_product":"depthai"},"timestamp":"2026-07-08T07:53:48.747Z","uuid":"e315779b-9b23-4b50-b4f0-9986a6a87893"}