{"distinct_id":"019f22af-314e-7fed-9b9e-71ebbc363d70","event":"depthai_rvc2_device_usage","properties":{"$lib":"depthai-core","$lib_version":"3.7.1","$process_person_profile":false,"$session_id":"019f22aa-6c1c-77c0-8ff2-08c7c467168d","chip_temperature":{"average":62.20441818237305,"css":63.35326385498047,"dss":61.472442626953125,"mss":61.472442626953125,"upa":62.51952362060547},"cmx_memory_usage":{"remaining":25600,"total":2621440,"used":2595840},"ddr_memory_usage":{"remaining":299827199,"total":349150207,"used":49323008},"device_id":"019f22aa-9b63-7072-8eb7-d5f44e4f3ad3","leon_css_cpu_usage":{"average":0.3006799817085266,"ms_time":0},"leon_css_memory_usage":{"remaining":32704528,"total":83613304,"used":50908776},"leon_mss_cpu_usage":{"average":0.04987001419067383,"ms_time":0},"leon_mss_memory_usage":{"remaining":33629072,"total":39669624,"used":6040552},"pipeline_id":"019f22aa-9c58-7078-95cd-c0a137d8292a","sensor_metrics":[{"exposure":7336.818068535826,"iso":102.29906542056075,"name":"ov9282","socket":1},{"exposure":29994.0140562249,"iso":343.90093708165995,"lens":105.93239625167335,"name":"imx378","socket":0},{"exposure":7192.31860609832,"iso":107.5849408836341,"name":"ov9282","socket":2}],"source_component":"depthai-core","source_product":"depthai"},"timestamp":"2026-07-02T11:55:34.607Z","uuid":"573872aa-12f2-4151-9ba6-2a5adb1ea375"}