{"distinct_id":"019f40bc-8078-7eee-baa2-d49e3e7c5e3f","event":"depthai_rvc2_device_usage","properties":{"$lib":"depthai-core","$lib_version":"3.7.1","$process_person_profile":false,"$session_id":"019f40bc-655a-7e2f-8fad-9dece4be484b","chip_temperature":{"average":48.079864501953125,"css":49.58754348754883,"dss":47.577308654785156,"mss":47.577308654785156,"upa":47.577308654785156},"cmx_memory_usage":{"remaining":486400,"total":2621440,"used":2135040},"ddr_memory_usage":{"remaining":349019135,"total":349150207,"used":131072},"device_id":"019f40bc-8060-794e-8817-7322a2dda719","leon_css_cpu_usage":{"average":0.5148800015449524,"ms_time":1000},"leon_css_memory_usage":{"remaining":75728752,"total":83613304,"used":7884552},"leon_mss_cpu_usage":{"average":0.01996004581451416,"ms_time":1000},"leon_mss_memory_usage":{"remaining":36632768,"total":39669624,"used":3036856},"source_component":"depthai-core","source_product":"depthai"},"timestamp":"2026-07-08T07:58:43.320Z","uuid":"e9765346-1cdf-48eb-8f5d-33eb41bf5596"}