{"distinct_id":"019f40c0-754f-708b-acef-3f4ebff6e6e5","event":"depthai_rvc2_device_usage","properties":{"$lib":"depthai-core","$lib_version":"3.7.1","$process_person_profile":false,"$session_id":"019f40c0-5981-7e33-82c4-78e05b58ca75","chip_temperature":{"average":46.33639144897461,"css":48.24946975708008,"dss":46.22669982910156,"mss":45.094764709472656,"upa":45.774627685546875},"cmx_memory_usage":{"remaining":486400,"total":2621440,"used":2135040},"ddr_memory_usage":{"remaining":349019135,"total":349150207,"used":131072},"device_id":"019f40c0-7537-7f9a-8bf3-305f672277a1","leon_css_cpu_usage":{"average":0.27566003799438477,"ms_time":1000},"leon_css_memory_usage":{"remaining":75728752,"total":83613304,"used":7884552},"leon_mss_cpu_usage":{"average":0.019540011882781982,"ms_time":1000},"leon_mss_memory_usage":{"remaining":36632768,"total":39669624,"used":3036856},"source_component":"depthai-core","source_product":"depthai"},"timestamp":"2026-07-08T08:03:02.607Z","uuid":"29d5afb0-d1ba-47f9-aec5-15a28f3878d1"}