{
	"class_name" : "PinholeCameraParameters",
	"extrinsic" : 
	[
		-0.87634835486295393,
		-0.092574346989583389,
		-0.47269816078386256,
		0.0,
		-0.15851175820497251,
		-0.8712707418957375,
		0.46450114835941964,
		0.0,
		-0.45484896772419142,
		0.48199303376283714,
		0.74886255879455887,
		0.0,
		0.14545435471676924,
		-0.14885661383019036,
		-0.15124396365519513,
		1.0
	],
	"intrinsic" : 
	{
		"height" : 1061,
		"intrinsic_matrix" : 
		[
			918.85295341528945,
			0.0,
			0.0,
			0.0,
			918.85295341528945,
			0.0,
			959.5,
			530.0,
			1.0
		],
		"width" : 1920
	},
	"version_major" : 1,
	"version_minor" : 0
}