{
	"class_name" : "PinholeCameraParameters",
	"extrinsic" : 
	[
		0.82562429363046541,
		-0.40227855935956991,
		-0.39562164557413199,
		0.0,
		0.34591374548459525,
		0.91484172445691381,
		-0.20834658595119573,
		0.0,
		0.44574455291345272,
		0.035165037640947971,
		0.89446923573463222,
		0.0,
		-0.23759754833901348,
		-0.044100072741265192,
		0.036071742176746996,
		1.0
	],
	"intrinsic" : 
	{
		"height" : 1061,
		"intrinsic_matrix" : 
		[
			918.85295341528945,
			0.0,
			0.0,
			0.0,
			918.85295341528945,
			0.0,
			959.5,
			530.0,
			1.0
		],
		"width" : 1920
	},
	"version_major" : 1,
	"version_minor" : 0
}