{
	"class_name" : "PinholeCameraParameters",
	"extrinsic" : 
	[
		0.33513713356438329,
		0.9420116676052388,
		-0.017237163393260126,
		0.0,
		-0.89149826837017676,
		0.32297894726437437,
		0.31767190167997711,
		0.0,
		0.30481787873946187,
		-0.091096749226268939,
		0.94804400904239727,
		0.0,
		-0.083571415192549597,
		0.055650519181185146,
		-0.16932744846738118,
		1.0
	],
	"intrinsic" : 
	{
		"height" : 1061,
		"intrinsic_matrix" : 
		[
			918.85295341528945,
			0.0,
			0.0,
			0.0,
			918.85295341528945,
			0.0,
			959.5,
			530.0,
			1.0
		],
		"width" : 1920
	},
	"version_major" : 1,
	"version_minor" : 0
}