{"distinct_id":"019f416d-9be3-7daa-81a1-653dce17df66","event":"depthai_rvc2_device_usage","properties":{"$lib":"depthai-core","$lib_version":"3.7.1","$process_person_profile":false,"$session_id":"019f416d-74a4-73d3-9102-011ef2abe387","chip_temperature":{"average":45.773170471191406,"css":47.12803649902344,"dss":45.548240661621094,"mss":45.32162094116211,"upa":45.094764709472656},"cmx_memory_usage":{"remaining":486400,"total":2621440,"used":2135040},"ddr_memory_usage":{"remaining":349019135,"total":349150207,"used":131072},"device_id":"019f416d-9bc8-7ea1-9ff0-f3537ee20436","leon_css_cpu_usage":{"average":0.49408000707626343,"ms_time":1000},"leon_css_memory_usage":{"remaining":75728752,"total":83613304,"used":7884552},"leon_mss_cpu_usage":{"average":0.019729971885681152,"ms_time":1000},"leon_mss_memory_usage":{"remaining":36632768,"total":39669624,"used":3036856},"source_component":"depthai-core","source_product":"depthai"},"timestamp":"2026-07-08T11:12:10.211Z","uuid":"43efb948-32c9-4b9d-8d35-a2b0b9893737"}