{"distinct_id":"019f40b8-f6e0-77d7-817f-e65926a170b5","event":"depthai_rvc2_device_usage","properties":{"$lib":"depthai-core","$lib_version":"3.7.1","$process_person_profile":false,"$session_id":"019f40b8-db2c-76a6-9127-37d544495d9b","chip_temperature":{"average":50.30632019042969,"css":52.019161224365234,"dss":50.25346755981445,"mss":49.58754348754883,"upa":49.365108489990234},"cmx_memory_usage":{"remaining":486400,"total":2621440,"used":2135040},"ddr_memory_usage":{"remaining":349019135,"total":349150207,"used":131072},"device_id":"019f40b8-f6c3-76f9-9455-f8c8d243a92a","leon_css_cpu_usage":{"average":0.7684900164604187,"ms_time":1000},"leon_css_memory_usage":{"remaining":75728752,"total":83613304,"used":7884552},"leon_mss_cpu_usage":{"average":0.020139992237091064,"ms_time":1000},"leon_mss_memory_usage":{"remaining":36632768,"total":39669624,"used":3036856},"source_component":"depthai-core","source_product":"depthai"},"timestamp":"2026-07-08T07:54:51.488Z","uuid":"2e30c497-89dd-4163-9af9-0dc5e1f8a40a"}