{"distinct_id":"019f40b8-85db-7236-b357-866099f11d67","event":"depthai_rvc2_device_usage","properties":{"$lib":"depthai-core","$lib_version":"3.7.1","$process_person_profile":false,"$session_id":"019f40b8-6644-7256-87a4-5f72fa06420d","chip_temperature":{"average":51.19038391113281,"css":53.11530303955078,"dss":50.474979400634766,"mss":50.474979400634766,"upa":50.696266174316406},"cmx_memory_usage":{"remaining":486400,"total":2621440,"used":2135040},"ddr_memory_usage":{"remaining":349019135,"total":349150207,"used":131072},"device_id":"019f40b8-85b4-7eeb-952f-3f290859c9b0","leon_css_cpu_usage":{"average":0.20639002323150635,"ms_time":2000},"leon_css_memory_usage":{"remaining":75728752,"total":83613304,"used":7884552},"leon_mss_cpu_usage":{"average":0.012419939041137695,"ms_time":2000},"leon_mss_memory_usage":{"remaining":36632768,"total":39669624,"used":3036856},"source_component":"depthai-core","source_product":"depthai"},"timestamp":"2026-07-08T07:54:22.556Z","uuid":"c646050b-1478-47f7-80b5-2a68e3266edd"}