{"distinct_id":"019f414f-dd4e-75ac-8d84-92ef9d3302f0","event":"depthai_rvc2_device_usage","properties":{"$lib":"depthai-core","$lib_version":"3.7.1","$process_person_profile":false,"$session_id":"019f414f-b826-7192-b9de-ad3a0eb1dab2","chip_temperature":{"average":51.742103576660156,"css":53.33384704589844,"dss":51.138145446777344,"mss":50.917320251464844,"upa":51.5791130065918},"cmx_memory_usage":{"remaining":486400,"total":2621440,"used":2135040},"ddr_memory_usage":{"remaining":349019135,"total":349150207,"used":131072},"device_id":"019f414f-dd33-72f0-a2bc-35daeeb842b1","leon_css_cpu_usage":{"average":0.6345499753952026,"ms_time":1000},"leon_css_memory_usage":{"remaining":75728752,"total":83613304,"used":7884552},"leon_mss_cpu_usage":{"average":0.020319998264312744,"ms_time":1000},"leon_mss_memory_usage":{"remaining":36632768,"total":39669624,"used":3036856},"source_component":"depthai-core","source_product":"depthai"},"timestamp":"2026-07-08T10:39:40.879Z","uuid":"abc61386-1b60-4432-9c66-538d785b9e21"}