{"distinct_id":"019f4109-0030-7efc-8be3-d17f4d1aa056","event":"depthai_rvc2_device_usage","properties":{"$lib":"depthai-core","$lib_version":"3.7.1","$process_person_profile":false,"$session_id":"019f4108-e0d8-7cb3-a26a-22b2471ea06a","chip_temperature":{"average":54.69325637817383,"css":55.93877029418945,"dss":54.6403694152832,"mss":53.988128662109375,"upa":54.20576858520508},"cmx_memory_usage":{"remaining":486400,"total":2621440,"used":2135040},"ddr_memory_usage":{"remaining":349019135,"total":349150207,"used":131072},"device_id":"019f4109-000d-7857-ab85-2e42b7edd12e","leon_css_cpu_usage":{"average":0.6442699432373047,"ms_time":2000},"leon_css_memory_usage":{"remaining":75728752,"total":83613304,"used":7884552},"leon_mss_cpu_usage":{"average":0.012190043926239014,"ms_time":2000},"leon_mss_memory_usage":{"remaining":36632768,"total":39669624,"used":3036856},"source_component":"depthai-core","source_product":"depthai"},"timestamp":"2026-07-08T09:22:16.752Z","uuid":"e3d09da1-8cf9-4f79-a400-ad1853276b0c"}